model_name,train_error(MSE),test_error(MSE),time
Ridge_dask,720.4288676190831,1332.3002202774774,2.413
Dask XGBoost_dask,879.0193112880664,1532.87360165341,2.771
Ridge,846.4647465200873,818.3529747795001,0.969
GradientBoostingRegressor,813.3313053273292,812.4700103599985,0.175
